Book Title;Year;Series Title;Imprint;URL
Aerodynamics for Engineering Students (Sixth Edition);2013;;Butterworth-Heinemann;http://www.us.debiblio.com/login?url=https://www.sciencedirect.com/science/book/9780080966328
Aerodynamics for Engineering Students (Seventh Edition);2015;;Butterworth-Heinemann;http://www.us.debiblio.com/login?url=https://www.sciencedirect.com/science/book/9780081001943
Aircraft Structures for Engineering Students (Fifth Edition);2012;;Butterworth-Heinemann;http://www.us.debiblio.com/login?url=https://www.sciencedirect.com/science/book/9780080969053
Aircraft Structures for Engineering Students (Sixth Edition);2017;;Butterworth-Heinemann;http://www.us.debiblio.com/login?url=https://www.sciencedirect.com/science/book/9780081009147
Analyzing Social Media Networks with NodeXL (Second Edition);2020;;Morgan Kaufmann;http://www.us.debiblio.com/login?url=https://www.sciencedirect.com/science/book/9780128177563
Animal Behavior;2012;;Academic Press;http://www.us.debiblio.com/login?url=https://www.sciencedirect.com/science/book/9780123725813
Animal Behavior (Second Edition);2015;;Academic Press;http://www.us.debiblio.com/login?url=https://www.sciencedirect.com/science/book/9780128015322
Applied Groundwater Modeling;1991;;Academic Press;http://www.us.debiblio.com/login?url=https://www.sciencedirect.com/science/book/9780120594856
Applied Groundwater Modeling (Second Edition);2015;;Academic Press;http://www.us.debiblio.com/login?url=https://www.sciencedirect.com/science/book/9780120581030
Applied Pharmacology;2011;;Content Repository Only!;http://www.us.debiblio.com/login?url=https://www.sciencedirect.com/science/book/9781437703108
The Art and Science of Digital Compositing (Second Edition);2008;The Morgan Kaufmann Series in Computer Graphics;Morgan Kaufmann;http://www.us.debiblio.com/login?url=https://www.sciencedirect.com/science/book/9780123706386
Artificial Intelligence: A New Synthesis;1998;;Morgan Kaufmann;http://www.us.debiblio.com/login?url=https://www.sciencedirect.com/science/book/9781558604674
Atmospheric Science (Second Edition);2006;;Academic Press;http://www.us.debiblio.com/login?url=https://www.sciencedirect.com/science/book/9780127329512
Basic Medical Endocrinology (Fourth Edition);2009;;Academic Press;http://www.us.debiblio.com/login?url=https://www.sciencedirect.com/science/book/9780123739759
Basic Neurochemistry (Eighth Edition);2012;;Academic Press;http://www.us.debiblio.com/login?url=https://www.sciencedirect.com/science/book/9780123749475
Basic Science in Obstetrics and Gynaecology (Fourth Edition);2010;;Churchill Livingstone;http://www.us.debiblio.com/login?url=https://www.sciencedirect.com/science/book/9780443102813
Bioprocess Engineering Principles (Second Edition);2013;;Academic Press;http://www.us.debiblio.com/login?url=https://www.sciencedirect.com/science/book/9780122208515
Biostatistics (Second Edition);2007;;Academic Press;http://www.us.debiblio.com/login?url=https://www.sciencedirect.com/science/book/9780123694928
Biotechnology (Second Edition);2015;;Academic Cell;http://www.us.debiblio.com/login?url=https://www.sciencedirect.com/science/book/9780123850157
Business Process Change (Fourth Edition);2019;;Morgan Kaufmann;http://www.us.debiblio.com/login?url=https://www.sciencedirect.com/science/book/9780128158470
Cell Biology (Third Edition);2017;;Elsevier;http://www.us.debiblio.com/login?url=https://www.sciencedirect.com/science/book/9780323341264
Churchill's Pocketbook of Diabetes (Second Edition);2012;;Churchill Livingstone;http://www.us.debiblio.com/login?url=https://www.sciencedirect.com/science/book/9780443100819
Circuits, Signals and Systems for Bioengineers (Third Edition);2018;Biomedical Engineering;Academic Press;http://www.us.debiblio.com/login?url=https://www.sciencedirect.com/science/book/9780128093955
Civil Engineering Materials;2016;;Butterworth-Heinemann;http://www.us.debiblio.com/login?url=https://www.sciencedirect.com/science/book/9780081002759
Climate Change Biology;2010;;Academic Press;http://www.us.debiblio.com/login?url=https://www.sciencedirect.com/science/book/9780123741820
Climate Change Biology (Second Edition);2015;;Academic Press;http://www.us.debiblio.com/login?url=https://www.sciencedirect.com/science/book/9780124202184
Clinical Biochemistry: Metabolic and Clinical Aspects (Third Edition);2014;;Churchill Livingstone;http://www.us.debiblio.com/login?url=https://www.sciencedirect.com/science/book/9780702051401
Clinical Neuroscience;2014;;Churchill Livingstone;http://www.us.debiblio.com/login?url=https://www.sciencedirect.com/science/book/9780443103216
Clinical Pharmacology (Eleventh Edition);2012;;Churchill Livingstone;http://www.us.debiblio.com/login?url=https://www.sciencedirect.com/science/book/9780702040849
Cognition, Brain, and Consciousness (Second Edition);2010;;Academic Press;http://www.us.debiblio.com/login?url=https://www.sciencedirect.com/science/book/9780123750709
Companion to Psychiatric Studies (Eighth Edition);2010;;Churchill Livingstone;http://www.us.debiblio.com/login?url=https://www.sciencedirect.com/science/book/9780702031373
Computability, Complexity, and Languages (Second Edition);1994;;Morgan Kaufmann;http://www.us.debiblio.com/login?url=https://www.sciencedirect.com/science/book/9780122063824
Computer Networks (Fifth Edition);2011;The Morgan Kaufmann Series in Networking;Morgan Kaufmann;http://www.us.debiblio.com/login?url=https://www.sciencedirect.com/science/book/9780123850591
Computerization and Controversy (Second Edition);1996;;Morgan Kaufmann;http://www.us.debiblio.com/login?url=https://www.sciencedirect.com/science/book/9780124150409
Computers as Components (Third Edition);2012;The Morgan Kaufmann Series in Computer Architecture and Design;Morgan Kaufmann;http://www.us.debiblio.com/login?url=https://www.sciencedirect.com/science/book/9780123884367
Computers as Components (Fourth Edition);2017;The Morgan Kaufmann Series in Computer Architecture and Desi;Morgan Kaufmann;http://www.us.debiblio.com/login?url=https://www.sciencedirect.com/science/book/9780128053874
Contemporary Security Management (Third Edition);2011;;Butterworth-Heinemann;http://www.us.debiblio.com/login?url=https://www.sciencedirect.com/science/book/9780123815491
Continuum Mechanics Modeling of Material Behavior;2019;;Academic Press;http://www.us.debiblio.com/login?url=https://www.sciencedirect.com/science/book/9780128114742
Core Psychiatry (Third Edition);2011;;W.B. Saunders;http://www.us.debiblio.com/login?url=https://www.sciencedirect.com/science/book/9780702033971
Creating Precision Robots;2019;;Butterworth-Heinemann;http://www.us.debiblio.com/login?url=https://www.sciencedirect.com/science/book/9780128157589
Crime Scene Photography (Third Edition);2017;;Academic Press;http://www.us.debiblio.com/login?url=https://www.sciencedirect.com/science/book/9780128027646
Criminal Profiling (Fourth Edition);2012;;Academic Press;http://www.us.debiblio.com/login?url=https://www.sciencedirect.com/science/book/9780123852434
Culinary Nutrition;2014;;Academic Press;http://www.us.debiblio.com/login?url=https://www.sciencedirect.com/science/book/9780123918826
Data Mining (Fourth Edition);2017;;Morgan Kaufmann;http://www.us.debiblio.com/login?url=https://www.sciencedirect.com/science/book/9780128042915
Death Penalty Cases (Third Edition);2011;;Butterworth-Heinemann;http://www.us.debiblio.com/login?url=https://www.sciencedirect.com/science/book/9780123820242
Descriptive Inorganic Chemistry (Second Edition);2010;;Academic Press;http://www.us.debiblio.com/login?url=https://www.sciencedirect.com/science/book/9780120887552
Descriptive Inorganic Chemistry (Third Edition);2016;;Academic Press;http://www.us.debiblio.com/login?url=https://www.sciencedirect.com/science/book/9780128046975
Descriptive Physical Oceanography (Sixth Edition);2011;;Academic Press;http://www.us.debiblio.com/login?url=https://www.sciencedirect.com/science/book/9780750645522
Design and Evaluation of Physical Protection Systems (Second Edition);2008;;Butterworth-Heinemann;http://www.us.debiblio.com/login?url=https://www.sciencedirect.com/science/book/9780750683524
Design Hydrology and Sedimentology for Small Catchments;1994;;Academic Press;http://www.us.debiblio.com/login?url=https://www.sciencedirect.com/science/book/9780123123404
Development of the Nervous System (Third Edition);2012;;Academic Press;http://www.us.debiblio.com/login?url=https://www.sciencedirect.com/science/book/9780080923208
Development of the Nervous System (Fourth Edition);2019;;Academic Press;http://www.us.debiblio.com/login?url=https://www.sciencedirect.com/science/book/9780128039960
The Digestive System (Second Edition);2010;;Churchill Livingstone;http://www.us.debiblio.com/login?url=https://www.sciencedirect.com/science/book/9780702033674
Digital Design and Computer Architecture;2016;;Morgan Kaufmann;http://www.us.debiblio.com/login?url=https://www.sciencedirect.com/science/book/9780128000564
Digital Design and Computer Architecture (Second Edition);2013;;Morgan Kaufmann;http://www.us.debiblio.com/login?url=https://www.sciencedirect.com/science/book/9780123944245
Digital Signal Processing;2017;;Academic Press;http://www.us.debiblio.com/login?url=https://www.sciencedirect.com/science/book/9780128045473
Digital Signal Processing (Third Edition);2019;;Academic Press;http://www.us.debiblio.com/login?url=https://www.sciencedirect.com/science/book/9780128150719
Disaster Theory;2016;;Butterworth-Heinemann;http://www.us.debiblio.com/login?url=https://www.sciencedirect.com/science/book/9780128002278
The Dissection of Vertebrates (Second Edition);2011;;Academic Press;http://www.us.debiblio.com/login?url=https://www.sciencedirect.com/science/book/9780123750600
The Dissection of Vertebrates (Third Edition);2019;;Academic Press;http://www.us.debiblio.com/login?url=https://www.sciencedirect.com/science/book/9780124104600
Drug Discovery and Development (Second Edition);2012;;Churchill Livingstone;http://www.us.debiblio.com/login?url=https://www.sciencedirect.com/science/book/9780702042997
Easy Interpretation of Biostatistics;2008;;W.B. Saunders;http://www.us.debiblio.com/login?url=https://www.sciencedirect.com/science/book/9781416031420
Electrons, Atoms, and Molecules in Inorganic Chemistry;2017;;Academic Press;http://www.us.debiblio.com/login?url=https://www.sciencedirect.com/science/book/9780128110485
Electrons in Solids (Third Edition);1992;;Academic Press;http://www.us.debiblio.com/login?url=https://www.sciencedirect.com/science/book/9780121385538
Elementary Differential Geometry (Second Edition);2006;;Academic Press;http://www.us.debiblio.com/login?url=https://www.sciencedirect.com/science/book/9780120887354
Elementary Linear Algebra (Fourth Edition);2010;;Academic Press;http://www.us.debiblio.com/login?url=https://www.sciencedirect.com/science/book/9780123747518
Elementary Linear Algebra (Fifth Edition);2016;;Academic Press;http://www.us.debiblio.com/login?url=https://www.sciencedirect.com/science/book/9780128008539
Elements of Petroleum Geology (Third Edition);2015;;Academic Press;http://www.us.debiblio.com/login?url=https://www.sciencedirect.com/science/book/9780123860316
Elements of Set Theory;1977;;Academic Press;http://www.us.debiblio.com/login?url=https://www.sciencedirect.com/science/book/9780122384400
Elsevier's Integrated Pathology;2007;;Mosby;http://www.us.debiblio.com/login?url=https://www.sciencedirect.com/science/book/9780323043281
Elsevier's Integrated Physiology;2007;;Mosby;http://www.us.debiblio.com/login?url=https://www.sciencedirect.com/science/book/9780323043182
Elsevier's Integrated Review Biochemistry (Second Edition);2012;;W.B. Saunders;http://www.us.debiblio.com/login?url=https://www.sciencedirect.com/science/book/9780323074469
Elsevier's Integrated Review Genetics (Second Edition);2012;;W.B. Saunders;http://www.us.debiblio.com/login?url=https://www.sciencedirect.com/science/book/9780323074483
Elsevier's Integrated Review Immunology and Microbiology (Second Edition);2012;;W.B. Saunders;http://www.us.debiblio.com/login?url=https://www.sciencedirect.com/science/book/9780323074476
Elsevier's Integrated Review Pharmacology (Second Edition);2012;;W.B. Saunders;http://www.us.debiblio.com/login?url=https://www.sciencedirect.com/science/book/9780323074452
Embryology (Second Edition);2009;;Churchill Livingstone;http://www.us.debiblio.com/login?url=https://www.sciencedirect.com/science/book/9780702032257
The Endocrine System (Second Edition);2010;;Churchill Livingstone;http://www.us.debiblio.com/login?url=https://www.sciencedirect.com/science/book/9780702033728
Engineering a Compiler (Second Edition);2011;;Morgan Kaufmann;http://www.us.debiblio.com/login?url=https://www.sciencedirect.com/science/book/9780120884780
Engineering Materials 1 (Fourth Edition);2012;;Butterworth-Heinemann;http://www.us.debiblio.com/login?url=https://www.sciencedirect.com/science/book/9780080966656
Engineering Materials 1 (Fifth Edition);2019;;Butterworth-Heinemann;http://www.us.debiblio.com/login?url=https://www.sciencedirect.com/science/book/9780081020517
Engineering Materials 2 (Fourth Edition);2013;International Series on Materials Science and Technology;Butterworth-Heinemann;http://www.us.debiblio.com/login?url=https://www.sciencedirect.com/science/book/9780080966687
Environmental Ecology (Second Edition);1994;;Academic Press;http://www.us.debiblio.com/login?url=https://www.sciencedirect.com/science/book/9780122665424
Environmental Microbiology (Second Edition);2009;;Academic Press;http://www.us.debiblio.com/login?url=https://www.sciencedirect.com/science/book/9780123705198
Environmental Microbiology (Third Edition);2015;;Academic Press;http://www.us.debiblio.com/login?url=https://www.sciencedirect.com/science/book/9780123946263
Environmental Soil Chemistry (Second Edition);2003;;Academic Press;http://www.us.debiblio.com/login?url=https://www.sciencedirect.com/science/book/9780126564464
Essential Concepts in Molecular Pathology;2010;;Academic Press;http://www.us.debiblio.com/login?url=https://www.sciencedirect.com/science/book/9780123744180
Essential Human Virology;2017;;Academic Press;http://www.us.debiblio.com/login?url=https://www.sciencedirect.com/science/book/9780128009475
Essential MATLAB for Engineers and Scientists (Seventh Edition);2020;;Academic Press;http://www.us.debiblio.com/login?url=https://www.sciencedirect.com/science/book/9780081029978
Essential Statistical Methods for Medical Statistics;2010;;North-Holland;http://www.us.debiblio.com/login?url=https://www.sciencedirect.com/science/book/9780444537379
Essential Statistics, Regression, and Econometrics;2011;;Academic Press;http://www.us.debiblio.com/login?url=https://www.sciencedirect.com/science/book/9780123822215
Essential Statistics, Regression, and Econometrics (Second Edition);2015;;Academic Press;http://www.us.debiblio.com/login?url=https://www.sciencedirect.com/science/book/9780128034590
Essentials of Medical Biochemistry;2011;;Academic Press;http://www.us.debiblio.com/login?url=https://www.sciencedirect.com/science/book/9780120954612
Essentials of Medical Biochemistry (Second Edition);2015;;Academic Press;http://www.us.debiblio.com/login?url=https://www.sciencedirect.com/science/book/9780124166875
Essentials of Medicolegal Death Investigation;2017;;Academic Press;http://www.us.debiblio.com/login?url=https://www.sciencedirect.com/science/book/9780128036419
Experimental Organic Chemistry;2015;;Academic Press;http://www.us.debiblio.com/login?url=https://www.sciencedirect.com/science/book/9780128038932
Exploring Engineering (Third Edition);2013;;Academic Press;http://www.us.debiblio.com/login?url=https://www.sciencedirect.com/science/book/9780124158917
Farr's Physics for Medical Imaging (Second Edition);2008;;W.B. Saunders;http://www.us.debiblio.com/login?url=https://www.sciencedirect.com/science/book/9780702028441
The Finite Element Method in Engineering (Fifth Edition);2011;;Butterworth-Heinemann;http://www.us.debiblio.com/login?url=https://www.sciencedirect.com/science/book/9781856176613
The Finite Element Method in Engineering (Sixth Edition);2018;;Butterworth-Heinemann;http://www.us.debiblio.com/login?url=https://www.sciencedirect.com/science/book/9780128117682
Fluid Mechanics (Fifth Edition);2012;;Academic Press;http://www.us.debiblio.com/login?url=https://www.sciencedirect.com/science/book/9780123821003
Fluid Mechanics (Sixth Edition);2016;;Academic Press;http://www.us.debiblio.com/login?url=https://www.sciencedirect.com/science/book/9780124059351
Fluid Mechanics and Thermodynamics of Turbomachinery (Sixth Edition);2010;;Butterworth-Heinemann;http://www.us.debiblio.com/login?url=https://www.sciencedirect.com/science/book/9781856177931
Fluid Mechanics and Thermodynamics of Turbomachinery (Seventh Edition);2014;;Butterworth-Heinemann;http://www.us.debiblio.com/login?url=https://www.sciencedirect.com/science/book/9780124159549
Forensic Toxicology;2016;;Academic Press;http://www.us.debiblio.com/login?url=https://www.sciencedirect.com/science/book/9780127999678
Freshwater Ecology (Second Edition);2010;Aquatic Ecology;Academic Press;http://www.us.debiblio.com/login?url=https://www.sciencedirect.com/science/book/9780123747242
Freshwater Ecology (Third Edition);2017;Aquatic Ecology;Academic Press;http://www.us.debiblio.com/login?url=https://www.sciencedirect.com/science/book/9780128132555
Fundamental Neuroscience (Fourth Edition);2014;;Academic Press;http://www.us.debiblio.com/login?url=https://www.sciencedirect.com/science/book/9780123858702
Fundamentals of Cognitive Neuroscience;2013;;Academic Press;http://www.us.debiblio.com/login?url=https://www.sciencedirect.com/science/book/9780124158054
Fundamentals of Cognitive Neuroscience (Second Edition);2019;;Academic Press;http://www.us.debiblio.com/login?url=https://www.sciencedirect.com/science/book/9780128038130
Fundamentals of Forensic DNA Typing;2010;;Academic Press;http://www.us.debiblio.com/login?url=https://www.sciencedirect.com/science/book/9780123749994
Fundamentals of Forensic Science (Second Edition);2010;;Academic Press;http://www.us.debiblio.com/login?url=https://www.sciencedirect.com/science/book/9780123749895
Fundamentals of Forensic Science (Third Edition);2015;;Academic Press;http://www.us.debiblio.com/login?url=https://www.sciencedirect.com/science/book/9780128000373
Fundamentals of Spatial Information Systems;1992;;Academic Press;http://www.us.debiblio.com/login?url=https://www.sciencedirect.com/science/book/9780124383807
Fundamentals of the Theory of Computation: Principles and Practice;1998;;Morgan Kaufmann;http://www.us.debiblio.com/login?url=https://www.sciencedirect.com/science/book/9781558605473
Global Physical Climatology (Second Edition);2016;;Elsevier;http://www.us.debiblio.com/login?url=https://www.sciencedirect.com/science/book/9780123285317
Handbook of Clinical Nutrition (Fourth Edition);2006;;Mosby;http://www.us.debiblio.com/login?url=https://www.sciencedirect.com/science/book/9780323039529
Handbook of Synthetic Organic Chemistry (Second Edition);2017;;Academic Press;http://www.us.debiblio.com/login?url=https://www.sciencedirect.com/science/book/9780128095812
Herpetology (Third Edition);2009;;Academic Press;http://www.us.debiblio.com/login?url=https://www.sciencedirect.com/science/book/9780123743466
Herpetology (Fourth Edition);2013;;Academic Press;http://www.us.debiblio.com/login?url=https://www.sciencedirect.com/science/book/9780123869197
High-Performance Communication Networks (Second Edition);2000;;Morgan Kaufmann;http://www.us.debiblio.com/login?url=https://www.sciencedirect.com/science/book/9781558605749
Homeland Security (Second Edition);2018;;Butterworth-Heinemann;http://www.us.debiblio.com/login?url=https://www.sciencedirect.com/science/book/9780128044650
Human Anatomy;2008;;Churchill Livingstone;http://www.us.debiblio.com/login?url=https://www.sciencedirect.com/science/book/9780443103735
Human Biochemistry;2018;;Academic Press;http://www.us.debiblio.com/login?url=https://www.sciencedirect.com/science/book/9780123838643
The Human Bone Manual;2005;;Academic Press;http://www.us.debiblio.com/login?url=https://www.sciencedirect.com/science/book/9780120884674
Human Embryology and Developmental Biology (Fifth Edition);2014;;W.B. Saunders;http://www.us.debiblio.com/login?url=https://www.sciencedirect.com/science/book/9781455727940
Human Osteology (Third Edition);2011;;Academic Press;http://www.us.debiblio.com/login?url=https://www.sciencedirect.com/science/book/9780123741349
Human Parasitology (Fourth Edition);2012;;Academic Press;http://www.us.debiblio.com/login?url=https://www.sciencedirect.com/science/book/9780124159150
Human Reproductive Biology (Third Edition);2006;;Academic Press;http://www.us.debiblio.com/login?url=https://www.sciencedirect.com/science/book/9780120884650
Human Reproductive Biology (Fourth Edition);2014;;Academic Press;http://www.us.debiblio.com/login?url=https://www.sciencedirect.com/science/book/9780123821843
Human Sexuality and Its Problems (Third Edition);2009;;Churchill Livingstone;http://www.us.debiblio.com/login?url=https://www.sciencedirect.com/science/book/9780443051616
Instrumentation and Control Systems (Second Edition);2015;;Newnes;http://www.us.debiblio.com/login?url=https://www.sciencedirect.com/science/book/9780081006139
Intermolecular and Surface Forces (Third Edition);2011;;Academic Press;http://www.us.debiblio.com/login?url=https://www.sciencedirect.com/science/book/9780123919274
Introduction to Aircraft Structural Analysis;2010;;Butterworth-Heinemann;http://www.us.debiblio.com/login?url=https://www.sciencedirect.com/science/book/9781856179324
Introduction to Aircraft Structural Analysis (Third Edition);2018;;Butterworth-Heinemann;http://www.us.debiblio.com/login?url=https://www.sciencedirect.com/science/book/9780081020760
Introduction to Biomedical Engineering (Second Edition);2005;Biomedical Engineering;Academic Press;http://www.us.debiblio.com/login?url=https://www.sciencedirect.com/science/book/9780122386626
Introduction to Biomedical Engineering (Third Edition);2012;Biomedical Engineering;Academic Press;http://www.us.debiblio.com/login?url=https://www.sciencedirect.com/science/book/9780123749796
Introduction to Business Analytics using Simulation;2017;;Academic Press;http://www.us.debiblio.com/login?url=https://www.sciencedirect.com/science/book/9780128104842
Introduction to Data Compression (Fifth Edition);2018;The Morgan Kaufmann Series in Multimedia Information and Systems;Morgan Kaufmann;http://www.us.debiblio.com/login?url=https://www.sciencedirect.com/science/book/9780128094747
An Introduction to Dynamic Meteorology (Fifth Edition);2013;;Academic Press;http://www.us.debiblio.com/login?url=https://www.sciencedirect.com/science/book/9780123848666
Introduction to Emergency Management (Fifth Edition);2014;;Butterworth-Heinemann;http://www.us.debiblio.com/login?url=https://www.sciencedirect.com/science/book/9780124077843
Introduction to Emergency Management (Sixth Edition);2017;;Butterworth-Heinemann;http://www.us.debiblio.com/login?url=https://www.sciencedirect.com/science/book/9780128030646
Introduction to Emergency Management (Seventh Edition);2020;;Butterworth-Heinemann;http://www.us.debiblio.com/login?url=https://www.sciencedirect.com/science/book/9780128171394
Introduction to Floriculture (Second Edition);1992;;Academic Press;http://www.us.debiblio.com/login?url=https://www.sciencedirect.com/science/book/9780124376519
Introduction to Forestry and Natural Resources;2014;;Academic Press;http://www.us.debiblio.com/login?url=https://www.sciencedirect.com/science/book/9780123869012
Introduction to Homeland Security (Fourth Edition);2012;;Butterworth-Heinemann;http://www.us.debiblio.com/login?url=https://www.sciencedirect.com/science/book/9780124158023
An Introduction to Human Evolutionary Anatomy;1990;;Academic Press;http://www.us.debiblio.com/login?url=https://www.sciencedirect.com/science/book/9780120455911
Introduction to Information Security;2014;;Syngress;http://www.us.debiblio.com/login?url=https://www.sciencedirect.com/science/book/9781597499699
An Introduction to Parallel Programming;2011;;Morgan Kaufmann;http://www.us.debiblio.com/login?url=https://www.sciencedirect.com/science/book/9780123742605
Introduction to Probability Models (Tenth Edition);2010;;Academic Press;http://www.us.debiblio.com/login?url=https://www.sciencedirect.com/science/book/9780123756862
Introduction to Probability Models (Eleventh Edition);2014;;Academic Press;http://www.us.debiblio.com/login?url=https://www.sciencedirect.com/science/book/9780124079489
Introduction to Probability Models (Twelfth Edition);2019;;Academic Press;http://www.us.debiblio.com/login?url=https://www.sciencedirect.com/science/book/9780128143469
Introduction to Probability and Statistics for Engineers and Scientists (Fourth Edition);2009;;Academic Press;http://www.us.debiblio.com/login?url=https://www.sciencedirect.com/science/book/9780123704832
Introduction to Probability and Statistics for Engineers and Scientists (Fifth Edition);2014;;Academic Press;http://www.us.debiblio.com/login?url=https://www.sciencedirect.com/science/book/9780123948113
Introduction to Robust Estimation and Hypothesis Testing (Fourth Edition);2017;Statistical Modeling and Decision Science;Academic Press;http://www.us.debiblio.com/login?url=https://www.sciencedirect.com/science/book/9780128047330
Introduction to Security (Ninth Edition);2013;;Butterworth-Heinemann;http://www.us.debiblio.com/login?url=https://www.sciencedirect.com/science/book/9780123850577
Introduction to Security (Tenth Edition);2019;;Butterworth-Heinemann;http://www.us.debiblio.com/login?url=https://www.sciencedirect.com/science/book/9780128053102
An Introduction to Stochastic Modeling (Fourth Edition);2011;;Academic Press;http://www.us.debiblio.com/login?url=https://www.sciencedirect.com/science/book/9780123814166
Introductory Statistics (Third Edition);2010;;Academic Press;http://www.us.debiblio.com/login?url=https://www.sciencedirect.com/science/book/9780123743886
Introductory Statistics (Fourth Edition);2017;;Academic Press;http://www.us.debiblio.com/login?url=https://www.sciencedirect.com/science/book/9780128043172
Investment Banks, Hedge Funds, and Private Equity (Third Edition);2018;;Academic Press;http://www.us.debiblio.com/login?url=https://www.sciencedirect.com/science/book/9780128047231
The Law of Emergencies (Second Edition);2018;;Butterworth-Heinemann;http://www.us.debiblio.com/login?url=https://www.sciencedirect.com/science/book/9780128042755
Limnology (Third Edition);2001;;Academic Press;http://www.us.debiblio.com/login?url=https://www.sciencedirect.com/science/book/9780127447605
Materials Selection in Mechanical Design (Fourth Edition);2011;;Butterworth-Heinemann;http://www.us.debiblio.com/login?url=https://www.sciencedirect.com/science/book/9781856176637
A Mathematical Introduction to Logic (Second Edition);2001;;Academic Press;http://www.us.debiblio.com/login?url=https://www.sciencedirect.com/science/book/9780122384523
Mathematical Physics with Partial Differential Equations;2013;;Academic Press;http://www.us.debiblio.com/login?url=https://www.sciencedirect.com/science/book/9780123869111
Matrix Methods (Third Edition);2009;;Academic Press;http://www.us.debiblio.com/login?url=https://www.sciencedirect.com/science/book/9780123744272
Medical Cell Biology (Third Edition);2007;;Academic Press;http://www.us.debiblio.com/login?url=https://www.sciencedirect.com/science/book/9780123704580
Medical Microbiology (Eighteenth Edition);2012;;Churchill Livingstone;http://www.us.debiblio.com/login?url=https://www.sciencedirect.com/science/book/9780702040894
Mergers, Acquisitions, and Other Restructuring Activities (Ninth Edition);2018;;Academic Press;http://www.us.debiblio.com/login?url=https://www.sciencedirect.com/science/book/9780128016091
Mergers, Acquisitions, and Other Restructuring Activities (Tenth Edition);2020;;Academic Press;http://www.us.debiblio.com/login?url=https://www.sciencedirect.com/science/book/9780128150757
Modern Embedded Computing;2012;;Morgan Kaufmann;http://www.us.debiblio.com/login?url=https://www.sciencedirect.com/science/book/9780123914903
Modern Engineering Thermodynamics;2011;;Academic Press;http://www.us.debiblio.com/login?url=https://www.sciencedirect.com/science/book/9780123749963
Modern Physics;2010;;Academic Press;http://www.us.debiblio.com/login?url=https://www.sciencedirect.com/science/book/9780123751126
Modern Physics (Second Edition);2015;;Academic Press;http://www.us.debiblio.com/login?url=https://www.sciencedirect.com/science/book/9780128007341
Molecular Biology (Second Edition);2013;;Academic Press;http://www.us.debiblio.com/login?url=https://www.sciencedirect.com/science/book/9780123785947
Molecular Biology (Third Edition);2019;;Academic Cell;http://www.us.debiblio.com/login?url=https://www.sciencedirect.com/science/book/9780128132883
Molecular Microbiology Laboratory (Second Edition);2013;;Academic Press;http://www.us.debiblio.com/login?url=https://www.sciencedirect.com/science/book/9780123970442
Molecular Pathology;2009;;Academic Press;http://www.us.debiblio.com/login?url=https://www.sciencedirect.com/science/book/9780123744197
Molecular Virology of Human Pathogenic Viruses;2017;;Academic Press;http://www.us.debiblio.com/login?url=https://www.sciencedirect.com/science/book/9780128008386
The Musculoskeletal System (Second Edition);2010;;Churchill Livingstone;http://www.us.debiblio.com/login?url=https://www.sciencedirect.com/science/book/9780702033773
Navigating the Maze;2020;;Academic Press;http://www.us.debiblio.com/login?url=https://www.sciencedirect.com/science/book/9780128147108
The Nervous System (Second Edition);2010;;Churchill Livingstone;http://www.us.debiblio.com/login?url=https://www.sciencedirect.com/science/book/9780702033735
Neurology (Third Edition);2010;;Churchill Livingstone;http://www.us.debiblio.com/login?url=https://www.sciencedirect.com/science/book/9780702032240
Neurology and Neurosurgery Illustrated (Fifth Edition);2011;;Content Repository Only!;http://www.us.debiblio.com/login?url=https://www.sciencedirect.com/science/book/9780443069574
New Perspectives in Forensic Human Skeletal Identification;2018;;Academic Press;http://www.us.debiblio.com/login?url=https://www.sciencedirect.com/science/book/9780128054291
The New Public Health (Third Edition);2015;;Academic Press;http://www.us.debiblio.com/login?url=https://www.sciencedirect.com/science/book/9780124157668
Nuclear Energy (Eighth Edition);2020;;Butterworth-Heinemann;http://www.us.debiblio.com/login?url=https://www.sciencedirect.com/science/book/9780128128817
Nuclear Engineering;2018;;Butterworth-Heinemann;http://www.us.debiblio.com/login?url=https://www.sciencedirect.com/science/book/9780081009628
Numerical Methods (Fourth Edition);2019;;Academic Press;http://www.us.debiblio.com/login?url=https://www.sciencedirect.com/science/book/9780128122563
Numerical Methods for Partial Differential Equations;2016;;Academic Press;http://www.us.debiblio.com/login?url=https://www.sciencedirect.com/science/book/9780128498941
Orbital Mechanics for Engineering Students (Second Edition);2010;Aerospace Engineering;Butterworth-Heinemann;http://www.us.debiblio.com/login?url=https://www.sciencedirect.com/science/book/9780123747785
Orbital Mechanics for Engineering Students (Third Edition);2014;;Butterworth-Heinemann;http://www.us.debiblio.com/login?url=https://www.sciencedirect.com/science/book/9780080977478
Orbital Mechanics for Engineering Students (Fourth Edition);2020;Aerospace Engineering;Butterworth-Heinemann;http://www.us.debiblio.com/login?url=https://www.sciencedirect.com/science/book/9780081021330
Organic Chemistry (Second Edition);2019;;Academic Press;http://www.us.debiblio.com/login?url=https://www.sciencedirect.com/science/book/9780128128381
Organic Chemistry of Enzyme-Catalyzed Reactions (Second Revised Edition);2002;;Academic Press;http://www.us.debiblio.com/login?url=https://www.sciencedirect.com/science/book/9780080513362
Organic Synthesis (Fourth Edition);2017;;Academic Press;http://www.us.debiblio.com/login?url=https://www.sciencedirect.com/science/book/9780128007204
Osteoarchaeology;2017;;Academic Press;http://www.us.debiblio.com/login?url=https://www.sciencedirect.com/science/book/9780128040218
Parallel Programming;2018;;Morgan Kaufmann;http://www.us.debiblio.com/login?url=https://www.sciencedirect.com/science/book/9780128498903
Pathology Illustrated (Seventh Edition);2011;;Content Repository Only!;http://www.us.debiblio.com/login?url=https://www.sciencedirect.com/science/book/9780702033766
Pathophysiology of Kidney Disease and Hypertension;2009;;W.B. Saunders;http://www.us.debiblio.com/login?url=https://www.sciencedirect.com/science/book/9781416043911
Physics in Biology and Medicine (Fourth Edition);2013;Complementary Science;Academic Press;http://www.us.debiblio.com/login?url=https://www.sciencedirect.com/science/book/9780123865137
Physics in Biology and Medicine (Fifth Edition);2019;;Academic Press;http://www.us.debiblio.com/login?url=https://www.sciencedirect.com/science/book/9780128137161
The Physics of Computing;2017;;Morgan Kaufmann;http://www.us.debiblio.com/login?url=https://www.sciencedirect.com/science/book/9780128093818
Physics of Condensed Matter;2011;;Academic Press;http://www.us.debiblio.com/login?url=https://www.sciencedirect.com/science/book/9780123849540
PIC in Practice (Second Edition);2006;;Newnes;http://www.us.debiblio.com/login?url=https://www.sciencedirect.com/science/book/9780750668262
Plant Growth and Development: A Molecular Approach;1994;;Academic Press;http://www.us.debiblio.com/login?url=https://www.sciencedirect.com/science/book/9780122624308
Plant Pathology (Fifth Edition);2005;;Academic Press;http://www.us.debiblio.com/login?url=https://www.sciencedirect.com/science/book/9780120445653
Plant Systematics (Second Edition);2010;;Academic Press;http://www.us.debiblio.com/login?url=https://www.sciencedirect.com/science/book/9780123743800
Practical Business Statistics;2011;;Academic Press;http://www.us.debiblio.com/login?url=https://www.sciencedirect.com/science/book/9780123852083
Practical Business Statistics (Seventh Edition);2017;;Academic Press;http://www.us.debiblio.com/login?url=https://www.sciencedirect.com/science/book/9780128042502
Primate Adaptation and Evolution (Third Edition);2013;;Academic Press;http://www.us.debiblio.com/login?url=https://www.sciencedirect.com/science/book/9780123786326
Primer to the Immune Response (Second Edition);2014;;Academic Cell;http://www.us.debiblio.com/login?url=https://www.sciencedirect.com/science/book/9780123852458
Principles of Financial Engineering (Second Edition);2009;Academic Press Advanced Finance;Academic Press;http://www.us.debiblio.com/login?url=https://www.sciencedirect.com/science/book/9780123735744
Principles of Financial Engineering (Third Edition);2015;Academic Press Advanced Finance;Academic Press;http://www.us.debiblio.com/login?url=https://www.sciencedirect.com/science/book/9780123869685
Principles of Molecular Virology (Fifth Edition);2011;;Academic Press;http://www.us.debiblio.com/login?url=https://www.sciencedirect.com/science/book/9780123849397
Principles of Molecular Virology (Sixth Edition);2016;;Academic Press;http://www.us.debiblio.com/login?url=https://www.sciencedirect.com/science/book/9780128019467
The Professional Protection Officer;2010;;Butterworth-Heinemann;http://www.us.debiblio.com/login?url=https://www.sciencedirect.com/science/book/9781856177467
The Professional Protection Officer (Second Edition);2019;;Butterworth-Heinemann;http://www.us.debiblio.com/login?url=https://www.sciencedirect.com/science/book/9780128177488
Programming Language Pragmatics (Third Edition);2009;;Morgan Kaufmann;http://www.us.debiblio.com/login?url=https://www.sciencedirect.com/science/book/9780123745149
Programming Massively Parallel Processors (Second Edition);2013;;Morgan Kaufmann;http://www.us.debiblio.com/login?url=https://www.sciencedirect.com/science/book/9780124159921
Programming Massively Parallel Processors (Third Edition);2017;;Morgan Kaufmann;http://www.us.debiblio.com/login?url=https://www.sciencedirect.com/science/book/9780128119860
Psychiatric Rehabilitation (Third Edition);2013;;Academic Press;http://www.us.debiblio.com/login?url=https://www.sciencedirect.com/science/book/9780123870025
Psychiatry (Second Edition);2011;;Churchill Livingstone;http://www.us.debiblio.com/login?url=https://www.sciencedirect.com/science/book/9780702033964
Quantitative Human Physiology;2012;;Academic Press;http://www.us.debiblio.com/login?url=https://www.sciencedirect.com/science/book/9780123821638
Quantitative Human Physiology (Second Edition);2017;;Academic Press;http://www.us.debiblio.com/login?url=https://www.sciencedirect.com/science/book/9780128008836
The Renal System (Second Edition);2010;;Churchill Livingstone;http://www.us.debiblio.com/login?url=https://www.sciencedirect.com/science/book/9780702033711
The Respiratory System (Second Edition);2010;;Churchill Livingstone;http://www.us.debiblio.com/login?url=https://www.sciencedirect.com/science/book/9780702033704
Satellite Meteorology;1995;;Academic Press;http://www.us.debiblio.com/login?url=https://www.sciencedirect.com/science/book/9780124064300
The Science of Crime Scenes;2012;;Academic Press;http://www.us.debiblio.com/login?url=https://www.sciencedirect.com/science/book/9780123864642
Security and Loss Prevention (Fifth Edition);2008;;Butterworth-Heinemann;http://www.us.debiblio.com/login?url=https://www.sciencedirect.com/science/book/9780123725257
Security and Loss Prevention (Sixth Edition);2013;;Butterworth-Heinemann;http://www.us.debiblio.com/login?url=https://www.sciencedirect.com/science/book/9780123878465
Security and Loss Prevention (Seventh Edition);2019;;Butterworth-Heinemann;http://www.us.debiblio.com/login?url=https://www.sciencedirect.com/science/book/9780128117958
Signals and Systems for Bioengineers (Second Edition);2012;Biomedical Engineering;Academic Press;http://www.us.debiblio.com/login?url=https://www.sciencedirect.com/science/book/9780123849823
Signals and Systems using MATLAB;2011;;Academic Press;http://www.us.debiblio.com/login?url=https://www.sciencedirect.com/science/book/9780123747167
Signals and Systems using MATLAB (Second Edition);2015;;Academic Press;http://www.us.debiblio.com/login?url=https://www.sciencedirect.com/science/book/9780123948120
Signals and Systems Using MATLAB (Third Edition);2019;;Academic Press;http://www.us.debiblio.com/login?url=https://www.sciencedirect.com/science/book/9780128142042
Soil in the Environment;2008;;Academic Press;http://www.us.debiblio.com/login?url=https://www.sciencedirect.com/science/book/9780123485366
Soil and Environmental Chemistry;2012;;Academic Press;http://www.us.debiblio.com/login?url=https://www.sciencedirect.com/science/book/9780124157972
Soil and Environmental Chemistry (Second Edition);2017;;Academic Press;http://www.us.debiblio.com/login?url=https://www.sciencedirect.com/science/book/9780128041789
Soil Microbiology, Ecology and Biochemistry (Third Edition);2007;;Academic Press;http://www.us.debiblio.com/login?url=https://www.sciencedirect.com/science/book/9780125468077
Soil Microbiology, Ecology and Biochemistry (Fourth Edition);2015;;Academic Press;http://www.us.debiblio.com/login?url=https://www.sciencedirect.com/science/book/9780124159556
Statistical Methods (Third Edition);2010;;Academic Press;http://www.us.debiblio.com/login?url=https://www.sciencedirect.com/science/book/9780123749703
Stevens & Lowe's Human Histology (Fourth Edition);2015;;Mosby;http://www.us.debiblio.com/login?url=https://www.sciencedirect.com/science/book/9780723435020
Strategies and Solutions to Advanced Organic Reaction Mechanisms;2019;;Academic Press;http://www.us.debiblio.com/login?url=https://www.sciencedirect.com/science/book/9780128128237
System Dynamics for Engineering Students;2010;;Academic Press;http://www.us.debiblio.com/login?url=https://www.sciencedirect.com/science/book/9780240811284
System Dynamics for Engineering Students (Second Edition);2018;;Academic Press;http://www.us.debiblio.com/login?url=https://www.sciencedirect.com/science/book/9780128045596
Table of Integrals, Series, and Products (Seventh Edition);2007;;Academic Press;http://www.us.debiblio.com/login?url=https://www.sciencedirect.com/science/book/9780123736376
Table of Integrals, Series, and Products (Eighth Edition);2014;;Academic Press;http://www.us.debiblio.com/login?url=https://www.sciencedirect.com/science/book/9780123849335
Textbook of Veterinary Physiological Chemistry (Third Edition);2015;;Academic Press;http://www.us.debiblio.com/login?url=https://www.sciencedirect.com/science/book/9780123919090
Thermodynamic Tables to Accompany Modern Engineering Thermodynamics;2011;;Academic Press;http://www.us.debiblio.com/login?url=https://www.sciencedirect.com/science/book/9780123850386
Trease and Evans' Pharmacognosy (Sixteenth Edition);2009;;W.B. Saunders;http://www.us.debiblio.com/login?url=https://www.sciencedirect.com/science/book/9780702029332
Understanding Food Systems;2017;;Academic Press;http://www.us.debiblio.com/login?url=https://www.sciencedirect.com/science/book/9780128044452
The UX Book;2012;;Morgan Kaufmann;http://www.us.debiblio.com/login?url=https://www.sciencedirect.com/science/book/9780123852410
The UX Book (Second Edition);2018;;Morgan Kaufmann;http://www.us.debiblio.com/login?url=https://www.sciencedirect.com/science/book/9780128053423
Vertebrate Endocrinology (Fifth Edition);2013;;Academic Press;http://www.us.debiblio.com/login?url=https://www.sciencedirect.com/science/book/9780123948151
Virology;2012;;Churchill Livingstone;http://www.us.debiblio.com/login?url=https://www.sciencedirect.com/science/book/9780443073670
Viruses and Human Disease (Second Edition);2008;;Academic Press;http://www.us.debiblio.com/login?url=https://www.sciencedirect.com/science/book/9780123737410
